timestamp,difficulty_score
1758629488.3115237,0.0
1758629488.3744752,0.0
1758629488.4438972,0.0
1758629488.5313082,0.0
1758629488.6069245,0.0
1758629488.6813493,0.0
1758629488.7768025,0.0
1758629488.8588471,0.0
1758629488.926305,0.0
1758629489.0085151,0.0
1758629489.0758567,0.0
1758629489.142741,0.0
1758629489.2124903,0.0
1758629489.280277,0.2
1758629489.3657625,0.2
1758629489.434106,0.2
1758629489.5065975,0.2
1758629489.5743222,0.2
1758629489.6591985,0.2
1758629489.725303,0.2
1758629489.7922044,0.2
1758629489.8611038,0.2
1758629489.926157,0.2
1758629489.9936056,0.2
1758629490.0692947,0.2
1758629490.1400008,0.2
1758629490.208678,0.2
1758629490.2789338,0.2
1758629490.351781,0.2
1758629490.4300241,0.4
1758629490.5082908,0.4
1758629490.5857832,0.4
1758629490.6588907,0.4
1758629490.737167,0.4
1758629490.8306227,0.4
1758629490.917585,0.4
1758629490.9976206,0.4
1758629491.081678,0.4
1758629491.1625333,0.4
1758629491.2314277,0.4
1758629491.3198988,0.4
1758629491.40342,0.4
1758629491.4890058,0.4
1758629491.5737326,0.4
1758629491.6510975,0.4
1758629491.7427795,0.4
1758629491.8279762,0.4
1758629491.9120994,0.4
1758629491.994723,0.4
1758629492.078193,0.4
1758629492.1468225,0.4
1758629492.2349048,0.4
1758629492.3113363,0.4
1758629492.3971906,0.4
1758629492.4931095,0.4
1758629492.5690875,0.4
1758629492.6386917,0.4
1758629492.7235591,0.4
1758629492.8044062,0.4
1758629492.8710365,0.4
1758629492.9519224,0.4
1758629493.0253947,0.4
1758629493.0994363,0.4
1758629493.194045,0.4
1758629493.2745416,0.4
1758629493.3453708,0.4
1758629493.4113817,0.4
1758629493.485752,0.4
1758629493.5658045,0.4
1758629493.6274877,0.4
1758629493.6974316,0.4
1758629493.768399,0.25
1758629493.8543334,0.25
1758629493.9369352,0.25
1758629494.0151622,0.25
1758629494.0864482,0.25
1758629494.1567724,0.25
1758629494.2192943,0.25
1758629494.2929153,0.25
1758629494.3792033,0.25
1758629494.4567904,0.25
1758629494.5284178,0.25
1758629494.6131346,0.25
1758629494.694923,0.25
1758629494.764853,0.25
1758629494.8412464,0.25
1758629494.9129577,0.25
1758629494.9880137,0.25
1758629495.0552423,0.25
1758629495.1263237,0.25
1758629495.1911726,0.25
1758629495.2639449,0.25
1758629495.3260875,0.4
1758629495.3956387,0.4
1758629495.4613714,0.4
1758629495.5389185,0.4
1758629495.6134624,0.4
1758629495.680913,0.4
1758629495.7721941,0.4
1758629495.8369706,0.4
1758629495.921574,0.4
1758629495.9841137,0.4
1758629496.0569828,0.4
1758629496.1211925,0.4
1758629496.1914558,0.4
1758629496.2534537,0.4
1758629496.3247006,0.4
1758629496.393533,0.4
1758629496.4606402,0.4
1758629496.532561,0.4
1758629496.6163197,0.4
1758629496.6972718,0.4
1758629496.77118,0.4
1758629496.8373046,0.4
1758629496.9043293,0.4
1758629496.9746861,0.4
1758629497.0459988,0.4
1758629497.1265912,0.4
1758629497.1970744,0.4
1758629497.2719917,0.4
1758629497.3412504,0.4
1758629497.4072323,0.4
1758629497.4744153,0.4
1758629497.5412424,0.4
1758629497.6132655,0.4
1758629497.6978984,0.4
1758629497.7688494,0.4
1758629497.839054,0.5
1758629497.925985,0.5
1758629497.9922485,0.5
1758629498.0679657,0.5
1758629498.1405637,0.5
1758629498.2124805,0.5
1758629498.2919397,0.5
1758629498.3628314,0.5
1758629498.4485574,0.5
1758629498.5311513,0.5
1758629498.5969424,0.5
1758629498.6651742,0.5
1758629498.7339287,0.5
1758629498.8067818,0.5
1758629498.8742957,0.5
1758629498.9397438,0.5
1758629499.0059235,0.5
1758629499.0762317,0.5
1758629499.1438665,0.5
1758629499.2098024,0.5
1758629499.2797196,0.5
1758629499.36697,0.5
1758629499.450853,0.5
1758629499.5337496,0.5
1758629499.616373,0.5
1758629499.6990666,0.5
1758629499.7856379,0.5
1758629499.8625274,0.5
1758629499.932089,0.5
1758629500.0142465,0.5
1758629500.0844054,0.5
1758629500.1631591,0.5
1758629500.2386072,0.5
1758629500.308245,0.5
1758629500.3856363,0.5
1758629500.4601398,0.5
1758629500.533881,0.5
1758629500.615388,0.5
1758629500.6811135,0.5
1758629500.747156,0.5
1758629500.8176274,0.5
1758629500.8951616,0.5
1758629500.969604,0.35
1758629501.0360296,0.5
1758629501.1030328,0.35
1758629501.1760612,0.35
1758629501.250755,0.35
1758629501.3162491,0.35
1758629501.3866625,0.35
1758629501.4692323,0.35
1758629501.536132,0.35
1758629501.620829,0.35
1758629501.6894178,0.35
1758629501.773518,0.35
1758629501.8489783,0.35
1758629501.9301114,0.35
1758629502.0036895,0.35
1758629502.069114,0.35
1758629502.1349173,0.35
1758629502.2015498,0.35
1758629502.286157,0.35
1758629502.3571806,0.35
1758629502.422716,0.35
1758629502.4922729,0.5
1758629502.5659382,0.5
1758629502.632505,0.5
1758629502.710578,0.5
1758629502.8003163,0.5
1758629502.8692722,0.5
1758629502.9360743,0.5
1758629503.0025682,0.5
1758629503.0697458,0.5
1758629503.1374726,0.65
1758629503.2154922,0.65
1758629503.292661,0.65
1758629503.3673387,0.65
1758629503.4532132,0.65
1758629503.5357442,0.65
1758629503.6010137,0.65
1758629503.6680672,0.65
1758629503.7439806,0.65
1758629503.8269012,0.65
1758629503.8928893,0.65
1758629503.9600954,0.65
1758629504.0316253,0.65
1758629504.1065114,0.65
1758629504.1858966,0.65
1758629504.2524354,0.65
1758629504.3196487,0.65
1758629504.392471,0.65
1758629504.458584,0.65
1758629504.531332,0.65
1758629504.6038175,0.65
1758629504.677316,0.65
1758629504.7388482,0.65
1758629504.794689,0.65
1758629504.8694627,0.65
1758629504.928054,0.65
1758629504.9907444,0.65
1758629505.070839,0.65
1758629505.1374395,0.65
1758629505.2042224,0.65
1758629505.2733479,0.65
1758629505.336257,0.65
1758629505.4090462,0.65
1758629505.479388,0.65
1758629505.5367565,0.65
1758629505.6086085,0.65
1758629505.677183,0.65
1758629505.7288537,0.65
1758629505.8101294,0.65
1758629505.8736994,0.65
1758629505.941228,0.65
1758629506.009126,0.65
1758629506.06965,0.65
1758629506.1352553,0.65
1758629506.2032905,0.65
1758629506.2659845,0.65
1758629506.3415625,0.65
1758629506.411485,0.65
1758629506.472542,0.65
1758629506.5307329,0.65
1758629506.6031992,0.65
1758629506.6733305,0.65
1758629506.7389948,0.65
1758629506.808338,0.65
1758629506.875647,0.65
1758629506.944959,0.65
1758629507.009856,0.65
1758629507.0784278,0.65
1758629507.1468637,0.65
1758629507.2129042,0.65
1758629507.2831283,0.65
1758629507.351685,0.65
1758629507.4171636,0.65
1758629507.48245,0.65
1758629507.540256,0.65
1758629507.6074843,0.65
1758629507.683816,0.65
1758629507.7522125,0.65
1758629507.8205824,0.65
1758629507.886768,0.65
1758629507.9526699,0.65
1758629508.0195532,0.65
1758629508.07615,0.65
1758629508.1521027,0.65
1758629508.2222173,0.65
1758629508.3007436,0.5
1758629508.3724024,0.65
1758629508.4420564,0.65
1758629508.5092988,0.65
1758629508.561405,0.65
1758629508.642582,0.65
1758629508.711327,0.65
1758629508.7742803,0.65
1758629508.8409421,0.65
1758629508.9103775,0.65
1758629508.9762094,0.65
1758629509.0472581,0.65
1758629509.1112301,0.65
1758629509.1767495,0.65
1758629509.2450523,0.65
1758629509.312193,0.65
1758629509.3840818,0.65
1758629509.4444077,0.65
1758629509.5089025,0.65
1758629509.5651588,0.65
1758629509.641376,0.65
1758629509.7081704,0.5
1758629509.779265,0.65
1758629509.8418825,0.65
1758629509.9145472,0.65
1758629509.98044,0.65
1758629510.0488243,0.65
1758629510.114512,0.65
1758629510.182519,0.65
1758629510.2481093,0.65
1758629510.3148625,0.65
1758629510.3669221,0.65
1758629510.4415283,0.65
1758629510.506062,0.65
1758629510.5832946,0.65
1758629510.649963,0.65
1758629510.7182584,0.65
1758629510.7835517,0.65
1758629510.8371744,0.65
1758629510.9262328,0.65
1758629510.9894783,0.65
1758629511.0540812,0.65
1758629511.121579,0.65
1758629511.18976,0.65
1758629511.255514,0.65
1758629511.311876,0.65
1758629511.3907337,0.65
1758629511.455304,0.65
1758629511.5256615,0.65
1758629511.5897994,0.65
1758629511.65967,0.65
1758629511.7289236,0.65
1758629511.7968376,0.65
1758629511.853477,0.65
1758629511.9328651,0.65
1758629511.9886053,0.65
1758629512.0723844,0.65
1758629512.143269,0.65
1758629512.2091537,0.65
1758629512.2790728,0.65
1758629512.3453145,0.65
1758629512.4228446,0.65
1758629512.4872272,0.65
1758629512.5570252,0.65
1758629512.6190224,0.65
1758629512.6823387,0.65
1758629512.7586365,0.65
1758629512.8400435,0.65
1758629512.9090185,0.65
1758629512.977414,0.65
1758629513.0434308,0.65
1758629513.1168807,0.65
1758629513.1939337,0.65
1758629513.2673643,0.65
1758629513.3290505,0.65
1758629513.411743,0.65
1758629513.4804854,0.65
1758629513.5473442,0.65
1758629513.61287,0.65
1758629513.670968,0.65
1758629513.7487314,0.65
1758629513.8150842,0.65
1758629513.8846688,0.65
1758629513.9501376,0.65
1758629514.016293,0.65
1758629514.0836496,0.65
1758629514.148854,0.65
1758629514.2159996,0.65
1758629514.2853508,0.65
1758629514.3495486,0.65
1758629514.4167266,0.65
1758629514.4850404,0.65
1758629514.549054,0.65
1758629514.6156554,0.65
1758629514.684027,0.65
1758629514.7487283,0.65
1758629514.81824,0.65
1758629514.8851302,0.65
1758629514.947148,0.65
1758629515.0148225,0.65
1758629515.0874941,0.65
1758629515.1383226,0.65
1758629515.2155304,0.65
1758629515.2859917,0.65
1758629515.3498561,0.65
1758629515.4200432,0.65
1758629515.4870589,0.65
1758629515.5573719,0.65
1758629515.6221395,0.65
1758629515.6934276,0.65
1758629515.7569923,0.65
1758629515.8284292,0.65
1758629515.909414,0.65
1758629515.9745426,0.65
1758629516.0475786,0.65
1758629516.1131573,0.65
1758629516.1793244,0.65
1758629516.2455943,0.65
1758629516.3135185,0.65
1758629516.3804197,0.65
1758629516.4489794,0.65
1758629516.5187926,0.65
1758629516.58396,0.65
1758629516.6525636,0.65
1758629516.7244885,0.65
1758629516.7884746,0.65
1758629516.853409,0.65
1758629516.9170895,0.65
1758629516.9835634,0.65
1758629517.0516741,0.65
1758629517.1188943,0.65
1758629517.1866868,0.65
1758629517.2538269,0.65
1758629517.3251698,0.65
1758629517.3888721,0.65
1758629517.4535477,0.65
1758629517.5243316,0.65
1758629517.5889032,0.65
1758629517.6583254,0.65
1758629517.727422,0.65
1758629517.7926679,0.65
1758629517.8581736,0.65
1758629517.9251034,0.65
1758629517.9934487,0.65
1758629518.0624235,0.65
1758629518.133307,0.65
1758629518.1894333,0.65
1758629518.2613866,0.65
1758629518.328159,0.65
1758629518.3954394,0.65
1758629518.463513,0.65
1758629518.5271797,0.65
1758629518.598928,0.65
1758629518.6625,0.65
1758629518.721434,0.65
1758629518.7972174,0.65
1758629518.868901,0.65
1758629518.9318106,0.65
1758629518.9973626,0.65
1758629519.066191,0.65
1758629519.1279314,0.65
1758629519.1961253,0.65
1758629519.2703614,0.65
1758629519.3275557,0.65
1758629519.4039094,0.65
1758629519.4699583,0.65
1758629519.5271347,0.65
1758629519.6068866,0.65
1758629519.6721363,0.65
1758629519.7418299,0.65
1758629519.808832,0.65
1758629519.8711505,0.65
1758629519.943368,0.65
1758629520.008487,0.65
1758629520.0811212,0.65
1758629520.147802,0.65
1758629520.229006,0.65
1758629520.292366,0.65
1758629520.3644655,0.65
1758629520.4569702,0.65
1758629520.5464292,0.65
1758629520.6385245,0.65
1758629520.719003,0.65
1758629520.8046691,0.65
1758629520.8921785,0.65
1758629520.9957373,0.65
1758629521.074312,0.65
1758629521.152453,0.65
1758629521.238158,0.65
1758629521.3155475,0.65
1758629521.3994281,0.65
1758629521.4854734,0.65
1758629521.5587852,0.65
1758629521.6422617,0.65
1758629521.7036831,0.65
1758629521.771455,0.65
1758629521.8411398,0.65
1758629521.9027364,0.65
1758629521.9731333,0.65
1758629522.0445342,0.65
1758629522.106548,0.65
1758629522.1751883,0.65
1758629522.2336192,0.65
1758629522.2972612,0.65
1758629522.3768623,0.65
1758629522.4443264,0.65
1758629522.508772,0.65
1758629522.58079,0.65
1758629522.6434445,0.65
1758629522.7117696,0.65
1758629522.777399,0.65
1758629522.8446403,0.65
1758629522.9085832,0.65
1758629522.9791083,0.65
1758629523.0418875,0.65
1758629523.1086636,0.65
1758629523.1796865,0.65
1758629523.2463884,0.65
1758629523.3097463,0.65
1758629523.3794353,0.65
1758629523.449516,0.65
1758629523.5179007,0.65
1758629523.5719955,0.65
1758629523.659314,0.65
1758629523.7182794,0.65
1758629523.7903197,0.5
1758629523.852145,0.5
1758629523.920454,0.5
1758629523.9887342,0.5
1758629524.0560856,0.5
1758629524.121704,0.5
1758629524.1886702,0.5
1758629524.2460048,0.5
1758629524.32274,0.5
1758629524.3891182,0.5
1758629524.458848,0.5
1758629524.5245545,0.5
1758629524.5904286,0.5
1758629524.6600266,0.5
1758629524.7260952,0.65
1758629524.791638,0.65
1758629524.861462,0.65
1758629524.9333158,0.65
1758629524.9951699,0.65
1758629525.0612082,0.65
1758629525.133174,0.65
1758629525.1969585,0.65
1758629525.2641578,0.65
1758629525.328301,0.65
1758629525.3949897,0.65
1758629525.4628406,0.65
1758629525.5287044,0.65
1758629525.5969648,0.65
1758629525.6578872,0.65
1758629525.7211108,0.65
1758629525.7945535,0.65
1758629525.8648212,0.65
1758629525.9345188,0.65
1758629525.9967391,0.65
1758629526.0667684,0.65
1758629526.1318314,0.65
1758629526.1994653,0.65
1758629526.2657795,0.65
1758629526.3329425,0.65
1758629526.4028497,0.65
1758629526.480094,0.65
1758629526.548078,0.65
1758629526.6165876,0.65
1758629526.6834862,0.65
1758629526.749857,0.65
1758629526.8184497,0.65
1758629526.8878381,0.65
1758629526.949983,0.65
1758629527.0170882,0.65
1758629527.097426,0.65
1758629527.1540732,0.65
1758629527.217205,0.65
1758629527.303859,0.65
1758629527.3626857,0.65
1758629527.4251633,0.65
1758629527.497504,0.65
1758629527.5599203,0.65
1758629527.621014,0.65
1758629527.697122,0.65
1758629527.7651937,0.65
1758629527.8310654,0.65
1758629527.8966227,0.65
1758629527.9630587,0.65
1758629528.021216,0.65
1758629528.0947573,0.65
1758629528.1623964,0.65
1758629528.2315636,0.65
1758629528.299001,0.65
1758629528.3624785,0.65
1758629528.4328864,0.65
1758629528.4841676,0.65
1758629528.5631275,0.65
1758629528.6298337,0.65
1758629528.6953738,0.65
1758629528.7616868,0.65
1758629528.8314807,0.65
1758629528.895425,0.65
1758629528.965414,0.65
1758629529.0331328,0.65
1758629529.0986114,0.65
1758629529.1662533,0.65
1758629529.2356994,0.65
1758629529.2977397,0.65
1758629529.3616774,0.65
1758629529.4343417,0.65
1758629529.4957619,0.65
1758629529.5618527,0.65
1758629529.63238,0.65
1758629529.6977975,0.65
1758629529.7667649,0.65
1758629529.833312,0.65
1758629529.9004502,0.65
1758629529.9722245,0.65
1758629530.0375779,0.65
1758629530.091493,0.65
1758629530.1669245,0.65
1758629530.2342935,0.65
1758629530.2949557,0.65
1758629530.365155,0.65
1758629530.429321,0.65
1758629530.4954276,0.65
1758629530.5660875,0.65
1758629530.6277134,0.65
1758629530.6845202,0.65
1758629530.7631361,0.65
1758629530.8279808,0.65
1758629530.8962889,0.65
1758629530.9655404,0.65
1758629531.0315335,0.65
1758629531.0971563,0.65
1758629531.1651921,0.65
1758629531.232573,0.65
1758629531.300064,0.65
1758629531.3516853,0.65
1758629531.4213824,0.65
1758629531.5046706,0.65
1758629531.5686662,0.65
1758629531.6330764,0.65
1758629531.697109,0.65
1758629531.7631133,0.65
1758629531.8309627,0.65
1758629531.9009385,0.65
1758629531.9655592,0.65
1758629532.0341535,0.65
1758629532.1030421,0.65
1758629532.166694,0.65
1758629532.2299485,0.65
1758629532.2989538,0.65
1758629532.3513842,0.65
1758629532.4380562,0.65
1758629532.4988854,0.65
1758629532.5641115,0.65
1758629532.632363,0.65
1758629532.698632,0.65
1758629532.7654347,0.65
1758629532.835962,0.65
1758629532.9011135,0.65
1758629532.9673555,0.65
1758629533.0402286,0.65
1758629533.0988662,0.65
1758629533.1666238,0.65
1758629533.2249553,0.65
1758629533.3003252,0.65
1758629533.3676996,0.65
1758629533.4348795,0.65
1758629533.5014074,0.65
1758629533.5713084,0.65
1758629533.6401772,0.65
1758629533.7035744,0.65
1758629533.7694874,0.5
1758629533.8379815,0.5
1758629533.9056923,0.5
1758629533.9704401,0.5
1758629534.0386727,0.5
1758629534.1046793,0.5
1758629534.1668277,0.5
1758629534.2352092,0.5
1758629534.3045182,0.5
1758629534.3682816,0.5
1758629534.433096,0.5
1758629534.4981601,0.5
1758629534.5706804,0.5
1758629534.6323328,0.5
1758629534.7008576,0.5
1758629534.7702937,0.5
1758629534.8354678,0.5
1758629534.904857,0.5
1758629534.9687214,0.5
1758629535.037221,0.5
1758629535.0967665,0.5
1758629535.1747103,0.5
1758629535.2408087,0.5
1758629535.294317,0.5
1758629535.3630111,0.5
1758629535.4402974,0.5
1758629535.5097816,0.5
1758629535.577015,0.5
1758629535.6432395,0.5
1758629535.7097821,0.5
1758629535.7780697,0.5
1758629535.844375,0.5
1758629535.9120865,0.5
1758629535.978542,0.5
1758629536.0453935,0.5
1758629536.115865,0.5
1758629536.1774528,0.5
1758629536.2434037,0.5
1758629536.3085573,0.5
1758629536.3753076,0.5
1758629536.4447858,0.5
1758629536.5170634,0.5
1758629536.5809805,0.5
1758629536.6468494,0.5
1758629536.7136846,0.5
1758629536.7730849,0.5
1758629536.8480613,0.5
1758629536.914035,0.5
1758629536.9831533,0.5
1758629537.0498528,0.5
1758629537.116432,0.5
1758629537.1845667,0.5
1758629537.2350414,0.5
1758629537.3183515,0.5
1758629537.3822699,0.5
1758629537.443578,0.5
1758629537.5161738,0.5
1758629537.5838146,0.5
1758629537.6483548,0.5
1758629537.716127,0.5
1758629537.7832906,0.5
1758629537.8505502,0.5
1758629537.9024987,0.5
1758629537.986012,0.5
1758629538.0553024,0.5
1758629538.1231098,0.5
1758629538.191075,0.5
1758629538.2606552,0.5
1758629538.3251367,0.5
1758629538.3880892,0.5
1758629538.4554675,0.5
1758629538.5225654,0.5
1758629538.594325,0.5
1758629538.66169,0.5
1758629538.7257087,0.5
1758629538.7899513,0.5
1758629538.8551753,0.5
1758629538.9220607,0.5
1758629538.9887223,0.5
1758629539.0539367,0.5
1758629539.1252136,0.5
1758629539.191903,0.5
1758629539.2579405,0.5
1758629539.3226328,0.5
1758629539.3900657,0.5
1758629539.4571424,0.5
1758629539.5316718,0.5
1758629539.5906909,0.5
1758629539.6587293,0.5
1758629539.7261584,0.5
1758629539.7835226,0.5
1758629539.8623934,0.5
1758629539.9286559,0.5
1758629539.9936163,0.5
1758629540.063443,0.5
1758629540.1276407,0.5
1758629540.198339,0.5
1758629540.266972,0.5
1758629540.3286927,0.5
1758629540.3992512,0.5
1758629540.47273,0.5
1758629540.551696,0.5
1758629540.6163042,0.5
1758629540.6803095,0.5
1758629540.7543669,0.5
1758629540.8291285,0.5
1758629540.8969889,0.5
1758629540.9681942,0.5
1758629541.05484,0.5
1758629541.1214898,0.5
1758629541.205935,0.5
1758629541.2658818,0.5
1758629541.331871,0.5
1758629541.398202,0.5
1758629541.4658854,0.5
1758629541.5316432,0.5
1758629541.6009402,0.5
1758629541.6671286,0.5
1758629541.7358034,0.5
1758629541.8036435,0.5
1758629541.87563,0.5
1758629541.9363568,0.5
1758629542.0014884,0.5
1758629542.0766091,0.5
1758629542.1532848,0.5
1758629542.2220116,0.5
1758629542.2884705,0.5
1758629542.3547873,0.5
1758629542.420285,0.5
1758629542.4878614,0.5
1758629542.5542192,0.5
1758629542.6125698,0.5
1758629542.6861434,0.5
1758629542.7380497,0.5
1758629542.8184342,0.5
1758629542.8878112,0.5
1758629542.9540112,0.5
1758629543.0192776,0.5
1758629543.085025,0.5
1758629543.1612678,0.5
1758629543.2353938,0.5
1758629543.302029,0.5
1758629543.370137,0.5
1758629543.4380984,0.5
1758629543.5046704,0.5
1758629543.575227,0.5
1758629543.6420245,0.5
1758629543.7042227,0.5
1758629543.7667565,0.65
1758629543.8326116,0.65
1758629543.8942358,0.65
1758629543.9666915,0.65
1758629544.0365057,0.65
1758629544.100916,0.65
1758629544.168819,0.65
1758629544.2385774,0.65
1758629544.3065407,0.65
1758629544.3726661,0.65
1758629544.4374855,0.65
1758629544.503497,0.65
1758629544.571307,0.65
1758629544.6389363,0.65
1758629544.7077756,0.65
1758629544.7733731,0.65
1758629544.8401468,0.65
1758629544.91212,0.65
1758629544.9760804,0.65
1758629545.0395346,0.65
1758629545.1110694,0.65
1758629545.1819031,0.65
1758629545.2422082,0.65
1758629545.3090913,0.65
1758629545.3717442,0.65
1758629545.4444911,0.65
1758629545.5135424,0.65
1758629545.5812914,0.65
1758629545.6494532,0.65
1758629545.7184823,0.65
1758629545.783377,0.65
1758629545.8462243,0.65
1758629545.915693,0.65
1758629545.9840674,0.65
1758629546.051186,0.65
1758629546.1198018,0.65
1758629546.1891236,0.65
1758629546.2580414,0.65
1758629546.323133,0.65
1758629546.389169,0.65
1758629546.4551718,0.65
1758629546.5254257,0.65
1758629546.5855634,0.65
1758629546.6584098,0.65
1758629546.7251174,0.65
1758629546.7933457,0.65
1758629546.8470252,0.65
1758629546.9244843,0.65
1758629546.9932678,0.65
1758629547.058783,0.65
1758629547.1275575,0.65
1758629547.1824067,0.65
1758629547.2514913,0.65
1758629547.3208246,0.65
1758629547.3982506,0.65
1758629547.4641747,0.65
1758629547.5411339,0.65
1758629547.6084146,0.65
1758629547.6760504,0.65
1758629547.7438502,0.65
1758629547.8286576,0.65
1758629547.8940568,0.65
1758629547.9632475,0.65
1758629548.0378373,0.65
1758629548.1000621,0.65
1758629548.1724908,0.65
1758629548.2504146,0.65
1758629548.3153234,0.65
1758629548.3865163,0.65
1758629548.4466093,0.65
1758629548.5216274,0.65
1758629548.5888436,0.65
1758629548.6581254,0.65
1758629548.7216575,0.65
1758629548.7907352,0.65
1758629548.853607,0.65
1758629548.9281294,0.65
1758629548.9973059,0.65
1758629549.063933,0.65
1758629549.1361935,0.65
1758629549.2041316,0.65
1758629549.26834,0.65
1758629549.3339136,0.65
1758629549.403376,0.65
1758629549.469617,0.65
1758629549.534487,0.65
1758629549.6101694,0.65
1758629549.678718,0.65
1758629549.7392502,0.65
1758629549.8074071,0.65
1758629549.8731513,0.65
1758629549.9393651,0.65
1758629550.010238,0.65
1758629550.0766404,0.65
1758629550.148178,0.65
1758629550.2164183,0.65
1758629550.2752182,0.65
1758629550.3551438,0.65
1758629550.4218326,0.65
1758629550.4906487,0.65
1758629550.5582767,0.65
1758629550.626548,0.65
1758629550.6943524,0.65
1758629550.759918,0.65
1758629550.8286433,0.65
1758629550.898754,0.65
1758629550.9682465,0.65
1758629551.033097,0.65
1758629551.0975611,0.65
1758629551.1698234,0.65
1758629551.2366908,0.65
1758629551.2990305,0.65
1758629551.3629675,0.65
1758629551.4329956,0.65
1758629551.4963262,0.65
1758629551.5617554,0.65
1758629551.6281407,0.65
1758629551.686066,0.65
1758629551.7664652,0.65
1758629551.8276622,0.65
1758629551.8958519,0.65
1758629551.9648657,0.65
1758629552.0319424,0.65
1758629552.0864935,0.65
1758629552.1486113,0.65
1758629552.22809,0.65
1758629552.2939498,0.65
1758629552.3611495,0.65
1758629552.4281418,0.65
1758629552.4909575,0.65
1758629552.5570853,0.65
1758629552.6278448,0.65
1758629552.6846673,0.65
1758629552.7657347,0.65
1758629552.8320668,0.65
1758629552.898436,0.65
1758629552.9669185,0.65
1758629553.0323892,0.65
1758629553.099742,0.65
1758629553.1723323,0.65
1758629553.2268276,0.65
1758629553.3090165,0.65
1758629553.3693945,0.65
1758629553.4408355,0.65
1758629553.5066793,0.65
1758629553.5740736,0.65
1758629553.639015,0.65
1758629553.693143,0.65
1758629553.7750242,0.65
1758629553.8245933,0.65
1758629553.912609,0.65
1758629553.9727888,0.65
1758629554.040165,0.65
1758629554.107169,0.65
1758629554.174263,0.65
1758629554.2445176,0.65
1758629554.3080192,0.65
1758629554.3745232,0.65
1758629554.4406052,0.65
1758629554.5092123,0.65
1758629554.5747256,0.65
1758629554.6508348,0.65
1758629554.7172003,0.65
1758629554.783047,0.65
1758629554.8498871,0.65
1758629554.9219859,0.65
1758629554.9870412,0.65
1758629555.0453987,0.65
1758629555.1160023,0.65
1758629555.1897378,0.65
1758629555.2606778,0.65
1758629555.3275657,0.5
1758629555.3939219,0.65
1758629555.4619765,0.65
1758629555.5305367,0.5
1758629555.597351,0.65
1758629555.664459,0.65
1758629555.734276,0.65
1758629555.7987955,0.65
1758629555.8707333,0.8
1758629555.942032,0.8
1758629556.0093377,0.8
1758629556.0763423,0.8
1758629556.142719,0.8
1758629556.2136517,0.8
1758629556.2767828,0.8
1758629556.3415525,0.8
1758629556.410702,0.8
1758629556.4785066,0.8
1758629556.54356,0.8
1758629556.6123664,0.8
1758629556.679896,0.8
1758629556.746182,0.8
1758629556.814274,0.8
1758629556.879584,0.9500000000000001
1758629556.946515,0.9500000000000001
1758629557.0149934,0.9500000000000001
1758629557.0894873,0.9500000000000001
1758629557.150679,0.9500000000000001
1758629557.2338402,0.9500000000000001
1758629557.2952116,0.9500000000000001
1758629557.3692849,0.9500000000000001
1758629557.4289844,0.9500000000000001
1758629557.497142,0.9500000000000001
1758629557.564473,0.9500000000000001
1758629557.6322634,0.9500000000000001
1758629557.698407,0.9500000000000001
1758629557.7645562,0.9500000000000001
1758629557.8326545,0.9500000000000001
1758629557.897788,0.9500000000000001
1758629557.9637184,0.9500000000000001
1758629558.017751,0.9500000000000001
1758629558.101845,0.9500000000000001
1758629558.1716099,0.9500000000000001
1758629558.2465973,0.9500000000000001
1758629558.3230622,0.9500000000000001
1758629558.4019291,0.9500000000000001
1758629558.4731507,0.9500000000000001
1758629558.548693,0.9500000000000001
1758629558.6189268,0.9500000000000001
1758629558.692738,0.9500000000000001
1758629558.776919,0.9500000000000001
1758629558.8455904,0.9500000000000001
1758629558.918395,0.9500000000000001
1758629558.9861984,0.9500000000000001
1758629559.0557375,0.9500000000000001
1758629559.1232743,0.9500000000000001
1758629559.1910675,0.9500000000000001
1758629559.2597358,0.9500000000000001
1758629559.329118,0.9500000000000001
1758629559.398074,0.9500000000000001
1758629559.4566658,0.9500000000000001
1758629559.5251615,0.9500000000000001
1758629559.5906844,0.9500000000000001
1758629559.656769,0.9500000000000001
1758629559.7260015,0.9500000000000001
1758629559.7967963,0.9500000000000001
1758629559.8631096,0.9500000000000001
1758629559.926299,0.9500000000000001
1758629559.9873934,0.9500000000000001
1758629560.0683162,0.9500000000000001
1758629560.1288495,0.9500000000000001
1758629560.1946452,0.9500000000000001
1758629560.26202,0.9500000000000001
1758629560.317905,0.9500000000000001
1758629560.3954587,0.9500000000000001
1758629560.4607577,0.9500000000000001
1758629560.5270917,0.9500000000000001
1758629560.5938363,0.9500000000000001
1758629560.6642454,0.9500000000000001
1758629560.7290883,0.9500000000000001
1758629560.7985027,0.9500000000000001
1758629560.8644829,0.9500000000000001
1758629560.9318786,0.9500000000000001
1758629561.0000792,0.9500000000000001
1758629561.0659473,0.9500000000000001
1758629561.1313155,0.9500000000000001
1758629561.200426,0.8
1758629561.2830477,0.8
1758629561.3517294,0.8
1758629561.417686,0.8
1758629561.5040815,0.8
1758629561.5706563,0.8
1758629561.6369486,0.8
1758629561.7045732,0.8
1758629561.773032,0.8
1758629561.8348753,0.8
1758629561.9082582,0.8
1758629561.981531,0.65
1758629562.045963,0.8
1758629562.10902,0.8
1758629562.182036,0.65
1758629562.2505267,0.65
1758629562.3160264,0.65
1758629562.3844526,0.65
1758629562.4509673,0.65
1758629562.5127692,0.65
1758629562.581482,0.65
1758629562.647157,0.65
1758629562.7168274,0.65
1758629562.7815669,0.65
1758629562.8472881,0.65
1758629562.9156244,0.65
1758629562.9812112,0.65
1758629563.0515432,0.65
1758629563.1141155,0.65
1758629563.1797483,0.65
1758629563.251629,0.65
1758629563.3167417,0.65
1758629563.3879976,0.65
1758629563.453311,0.8
1758629563.532783,0.65
1758629563.5971453,0.8
1758629563.6523268,0.65
1758629563.732586,0.65
1758629563.8011947,0.8
1758629563.8644724,0.65
1758629563.9340127,0.65
1758629564.0014572,0.65
1758629564.065058,0.65
1758629564.1336138,0.65
1758629564.198027,0.65
1758629564.2644613,0.65
1758629564.3344228,0.65
1758629564.4002702,0.65
1758629564.4669359,0.65
1758629564.5289075,0.65
1758629564.601773,0.65
1758629564.6691277,0.65
1758629564.7229211,0.65
1758629564.8041146,0.65
1758629564.8726692,0.65
1758629564.9392035,0.65
1758629565.0057914,0.65
1758629565.0751634,0.65
1758629565.1382337,0.65
1758629565.20527,0.65
1758629565.2720537,0.65
1758629565.3326263,0.65
1758629565.3975887,0.65
1758629565.476326,0.65
1758629565.5420449,0.65
1758629565.6116588,0.65
1758629565.6814942,0.65
1758629565.7443886,0.65
1758629565.810453,0.65
1758629565.8725636,0.65
1758629565.9386532,0.65
1758629566.0250597,0.65
1758629566.1101446,0.65
1758629566.175837,0.8
1758629566.2437024,0.8
1758629566.3119767,0.8
1758629566.3773768,0.8
1758629566.4434805,0.8
1758629566.5125015,0.8
1758629566.5842898,0.65
1758629566.6528869,0.65
1758629566.7210698,0.65
1758629566.8076322,0.65
1758629566.889981,0.65
1758629566.9754696,0.65
1758629567.0505118,0.65
1758629567.1183698,0.65
1758629567.1843104,0.65
1758629567.2514603,0.65
1758629567.318385,0.65
1758629567.3857005,0.65
1758629567.453402,0.65
1758629567.5173419,0.65
1758629567.5887005,0.65
1758629567.6618555,0.65
1758629567.7285533,0.65
1758629567.7904654,0.65
1758629567.857843,0.65
1758629567.9254286,0.65
1758629567.9990387,0.65
1758629568.0797029,0.65
1758629568.1401467,0.65
1758629568.2254853,0.65
1758629568.2944303,0.65
1758629568.3788037,0.65
1758629568.4528742,0.65
1758629568.5326498,0.65
1758629568.616659,0.65
1758629568.6956775,0.65
1758629568.780697,0.65
1758629568.863033,0.65
1758629568.9539616,0.65
1758629569.0280004,0.65
1758629569.0996928,0.65
1758629569.1787121,0.65
1758629569.252191,0.65
1758629569.3283815,0.65
1758629569.3986833,0.65
1758629569.4691172,0.65
1758629569.5350626,0.65
1758629569.6024892,0.65
1758629569.6736972,0.65
1758629569.7401419,0.65
1758629569.8152442,0.65
1758629569.8975027,0.65
1758629569.9682832,0.65
1758629570.0453417,0.65
1758629570.1111245,0.65
1758629570.1791236,0.65
1758629570.244846,0.65
1758629570.3100572,0.65
1758629570.3759754,0.65
1758629570.4434812,0.65
1758629570.5087042,0.65
1758629570.564982,0.65
1758629570.6407778,0.65
1758629570.7090333,0.65
1758629570.767232,0.65
1758629570.8437197,0.65
1758629570.9114318,0.65
1758629570.9807496,0.65
1758629571.053856,0.65
1758629571.114875,0.65
1758629571.184344,0.65
1758629571.2530622,0.65
1758629571.3183784,0.65
1758629571.3860948,0.65
1758629571.4393792,0.8
1758629571.5208628,0.8
1758629571.573591,0.8
1758629571.6545098,0.8
1758629571.721098,0.8
1758629571.791811,0.8
1758629571.8539915,0.8
1758629571.9217346,0.8
1758629571.9888778,0.8
1758629572.0501082,0.8
1758629572.1230373,0.8
1758629572.1759057,0.8
1758629572.260705,0.8
1758629572.322763,0.8
1758629572.3962514,0.8
1758629572.4581,0.8
1758629572.530106,0.8
1758629572.5978925,0.8
1758629572.6656353,0.8
1758629572.7474825,0.8
1758629572.8255825,0.8
1758629572.9012148,0.8
1758629572.9761977,0.8
1758629573.051449,0.8
1758629573.1340587,0.8
1758629573.2170186,0.8
1758629573.2916992,0.8
1758629573.3661795,0.8
1758629573.442386,0.8
1758629573.5139778,0.8
1758629573.5799909,0.8
1758629573.6399348,0.8
1758629573.7018065,0.8
1758629573.7682104,0.8
1758629573.8363926,0.8
1758629573.8897598,0.8
1758629573.9735146,0.8
1758629574.04169,0.8
1758629574.1120746,0.8
1758629574.1787572,0.8
1758629574.2466266,0.8
1758629574.3128965,0.8
1758629574.383052,0.8
1758629574.4512918,0.8
1758629574.5205426,0.8
1758629574.586809,0.8
1758629574.6395364,0.8
1758629574.707289,0.8
1758629574.788621,0.8
1758629574.8628411,0.8
1758629574.9280748,0.8
1758629574.992004,0.8
1758629575.070264,0.8
1758629575.1383402,0.8
1758629575.208417,0.8
1758629575.2764044,0.8
1758629575.3417404,0.8
1758629575.4096775,0.8
1758629575.4788785,0.8
1758629575.545326,0.8
1758629575.5976343,0.8
1758629575.6767015,0.8
1758629575.7466505,0.8
1758629575.812448,0.8
1758629575.868844,0.8
1758629575.9438934,0.8
1758629576.017305,0.8
1758629576.0858827,0.8
1758629576.1503637,0.8
1758629576.2174404,0.8
1758629576.2860434,0.8
1758629576.349783,0.65
1758629576.4201934,0.65
1758629576.4870248,0.65
1758629576.5554557,0.65
1758629576.625017,0.65
1758629576.6889763,0.65
1758629576.7572942,0.65
1758629576.8239675,0.65
1758629576.8767858,0.65
1758629576.955307,0.65
1758629577.025158,0.65
1758629577.0933976,0.65
1758629577.1620278,0.65
1758629577.2190843,0.65
1758629577.2895386,0.65
1758629577.356298,0.65
1758629577.421688,0.65
1758629577.4957545,0.65
1758629577.5680556,0.65
1758629577.6348546,0.65
1758629577.7035532,0.8
1758629577.770453,0.65
1758629577.8320425,0.65
1758629578.0240462,0.65
1758629578.092562,0.65
1758629578.1563065,0.65
1758629578.2236187,0.65
1758629578.2921836,0.65
1758629578.3574808,0.65
1758629578.418581,0.65
1758629578.482463,0.65
1758629578.5508788,0.65
1758629578.6174905,0.65
1758629578.6900015,0.65
1758629578.7556996,0.65
1758629578.8215811,0.65
1758629578.8895266,0.65
1758629578.9444509,0.65
1758629579.0231533,0.65
1758629579.089644,0.65
1758629579.1566012,0.65
1758629579.222715,0.65
1758629579.2856786,0.65
1758629579.3546064,0.65
1758629579.4246073,0.65
1758629579.4840283,0.65
1758629579.5539436,0.65
1758629579.6120694,0.65
1758629579.6877768,0.65
1758629579.7483344,0.65
1758629579.8221579,0.65
1758629579.8781347,0.65
1758629579.9550872,0.65
1758629580.028214,0.65
1758629580.0901713,0.65
1758629580.1424215,0.65
1758629580.2283342,0.65
1758629580.2913928,0.65
1758629580.3571694,0.65
1758629580.4235935,0.65
1758629580.4963224,0.65
1758629580.5648866,0.65
1758629580.6302218,0.65
1758629580.6989036,0.65
1758629580.7590997,0.65
1758629580.8253987,0.65
1758629580.8954613,0.65
1758629580.962385,0.65
1758629581.0283675,0.65
1758629581.0863461,0.65
1758629581.1625993,0.65
1758629581.238336,0.65
1758629581.3033812,0.65
1758629581.366903,0.65
1758629581.4308627,0.65
1758629581.496716,0.65
1758629581.5643287,0.65
1758629581.635392,0.65
1758629581.6993523,0.65
1758629581.7593896,0.65
1758629581.8257098,0.65
1758629581.8998222,0.65
1758629581.9636493,0.65
1758629582.035645,0.65
1758629582.1036515,0.65
1758629582.1700711,0.65
1758629582.237093,0.65
1758629582.3040116,0.65
1758629582.370596,0.65
1758629582.4408803,0.65
1758629582.5093358,0.65
1758629582.5785882,0.65
1758629582.643249,0.65
1758629582.7107375,0.65
1758629582.7782977,0.65
1758629582.844602,0.65
1758629582.9122627,0.65
1758629582.9784336,0.8
1758629583.04197,0.8
1758629583.1014268,0.8
1758629583.177346,0.8
1758629583.244355,0.8
1758629583.2990446,0.8
1758629583.376843,0.8
1758629583.4455357,0.8
1758629583.513608,0.8
1758629583.5790603,0.8
1758629583.6412213,0.8
1758629583.70116,0.8
1758629583.7704647,0.8
1758629583.8486485,0.8
1758629583.9142206,0.8
1758629583.9757106,0.8
1758629584.047623,0.8
1758629584.1157296,0.8
1758629584.184882,0.8
1758629584.248651,0.8
1758629584.3148658,0.8
1758629584.383075,0.8
1758629584.4541113,0.8
1758629584.5193658,0.8
1758629584.5829308,0.8
1758629584.6486948,0.8
1758629584.7211645,0.8
1758629584.7885695,0.8
1758629584.8558455,0.8
1758629584.9240417,0.65
1758629584.985519,0.65
1758629585.0535588,0.8
1758629585.127527,0.8
1758629585.191353,0.8
1758629585.255538,0.8
1758629585.32029,0.8
1758629585.3895795,0.8
1758629585.446153,0.8
1758629585.5297394,0.8
1758629585.5944154,0.8
1758629585.6621966,0.8
1758629585.727878,0.8
1758629585.7957156,0.8
1758629585.8619266,0.8
1758629585.9257023,0.8
1758629585.9968576,0.8
1758629586.0641363,0.8
1758629586.1323483,0.8
1758629586.1954637,0.8
1758629586.2617385,0.8
1758629586.3296247,0.8
1758629586.396128,0.8
1758629586.4690175,0.8
1758629586.5376685,0.8
1758629586.598785,0.8
1758629586.6686237,0.8
1758629586.7351668,0.8
1758629586.8013463,0.8
1758629586.8713858,0.8
1758629586.9364102,0.8
1758629587.0038142,0.8
1758629587.056355,0.8
1758629587.1351688,0.8
1758629587.2044294,0.8
1758629587.2700195,0.8
1758629587.3310757,0.8
1758629587.4077005,0.8
1758629587.474517,0.8
1758629587.542662,0.8
1758629587.609495,0.8
1758629587.6779585,0.8
1758629587.7447445,0.8
1758629587.813698,0.8
1758629587.87828,0.8
1758629587.944857,0.8
1758629588.008059,0.8
1758629588.0704165,0.8
1758629588.143957,0.9500000000000001
1758629588.211751,0.9500000000000001
1758629588.2824566,0.9500000000000001
1758629588.3492513,0.9500000000000001
1758629588.412086,0.9500000000000001
1758629588.4732614,0.9500000000000001
1758629588.5425406,0.9500000000000001
1758629588.6211154,0.9500000000000001
1758629588.6916385,0.9500000000000001
1758629588.7599146,0.9500000000000001
1758629588.825574,0.9500000000000001
1758629588.8956654,0.9500000000000001
1758629588.9647622,0.9500000000000001
1758629589.0477734,0.9500000000000001
1758629589.113767,0.9500000000000001
1758629589.182772,0.9500000000000001
1758629589.252901,0.9500000000000001
1758629589.3214853,0.9500000000000001
1758629589.389101,0.9500000000000001
1758629589.4559095,0.9500000000000001
1758629589.529379,0.9500000000000001
1758629589.6068192,0.9500000000000001
1758629589.6745503,0.9500000000000001
1758629589.7424796,0.9500000000000001
1758629589.8093278,0.9500000000000001
1758629589.876204,0.9500000000000001
1758629589.9439576,0.9500000000000001
1758629590.011227,0.9500000000000001
1758629590.0838053,0.9500000000000001
1758629590.148863,0.9500000000000001
1758629590.211479,0.9500000000000001
1758629590.2827618,0.9500000000000001
1758629590.3338754,0.9500000000000001
1758629590.4163234,0.9500000000000001
1758629590.4827993,0.9500000000000001
1758629590.5494757,0.9500000000000001
1758629590.6170707,0.9500000000000001
1758629590.6835904,0.9500000000000001
1758629590.7339277,0.9500000000000001
1758629590.8090706,0.9500000000000001
1758629590.8792915,0.9500000000000001
1758629590.948269,0.9500000000000001
1758629591.0058153,0.9500000000000001
1758629591.0772967,0.9500000000000001
1758629591.1461058,0.9500000000000001
1758629591.2085903,0.9500000000000001
1758629591.286401,0.9500000000000001
1758629591.352702,0.9500000000000001
1758629591.422958,0.9500000000000001
1758629591.4951766,0.9500000000000001
1758629591.557113,0.9500000000000001
1758629591.6266859,0.9500000000000001
1758629591.698855,0.9500000000000001
1758629591.7643547,0.9500000000000001
1758629591.827415,0.9500000000000001
1758629591.8928733,0.9500000000000001
1758629591.9581294,0.9500000000000001
1758629592.0259109,0.9500000000000001
1758629592.1101463,0.9500000000000001
1758629592.1644728,0.9500000000000001
1758629592.2491744,0.9500000000000001
1758629592.315843,0.9500000000000001
1758629592.3828752,0.9500000000000001
1758629592.448209,0.9500000000000001
1758629592.5188081,0.9500000000000001
1758629592.5853274,0.9500000000000001
1758629592.6550024,0.9500000000000001
1758629592.720838,0.9500000000000001
1758629592.7878804,0.9500000000000001
1758629592.8566515,0.9500000000000001
1758629592.9189312,0.9500000000000001
1758629592.9832847,0.9500000000000001
1758629593.0493062,0.9500000000000001
1758629593.1140866,0.9500000000000001
1758629593.1885061,0.9500000000000001
1758629593.2491155,0.9500000000000001
1758629593.3178148,0.9500000000000001
1758629593.3879752,0.9500000000000001
1758629593.4451091,0.9500000000000001
1758629593.5243351,0.9500000000000001
1758629593.590915,0.9500000000000001
1758629593.65826,0.9500000000000001
1758629593.7186897,0.9500000000000001
1758629593.7792616,0.9500000000000001
1758629593.8625264,0.9500000000000001
1758629593.9279506,0.9500000000000001
1758629593.9961493,0.9500000000000001
1758629594.0615554,0.9500000000000001
1758629594.1286364,0.9500000000000001
1758629594.195251,0.9500000000000001
1758629594.2608738,0.9500000000000001
1758629594.3265254,0.9500000000000001
1758629594.3963902,0.9500000000000001
1758629594.4651337,0.9500000000000001
1758629594.534382,0.9500000000000001
1758629594.5972674,0.9500000000000001
1758629594.6618319,0.9500000000000001
1758629594.7352488,0.9500000000000001
1758629594.7969117,0.9500000000000001
1758629594.8636827,0.9500000000000001
1758629594.9309568,0.9500000000000001
1758629594.9952314,0.9500000000000001
1758629595.0664036,0.9500000000000001
1758629595.133881,0.9500000000000001
1758629595.2071764,0.9500000000000001
1758629595.2668712,0.9500000000000001
1758629595.3320122,0.9500000000000001
1758629595.4010682,0.9500000000000001
1758629595.46912,0.9500000000000001
1758629595.531019,0.9500000000000001
1758629595.6048267,0.9500000000000001
1758629595.6739147,0.9500000000000001
1758629595.743135,0.9500000000000001
1758629595.8111095,0.9500000000000001
1758629595.8788764,0.9500000000000001
1758629595.933173,0.9500000000000001
1758629596.0102868,0.9500000000000001
1758629596.0846615,0.9500000000000001
1758629596.147579,0.9500000000000001
1758629596.2146554,0.9500000000000001
1758629596.280736,0.9500000000000001
1758629596.346352,0.9500000000000001
1758629596.4141147,0.9500000000000001
1758629596.4662697,0.9500000000000001
1758629596.5484817,0.9500000000000001
1758629596.6005068,0.9500000000000001
1758629596.6848903,0.9500000000000001
1758629596.7491782,0.9500000000000001
1758629596.8134575,0.9500000000000001
1758629596.8821292,0.9500000000000001
1758629596.9486039,0.9500000000000001
1758629597.01392,0.9500000000000001
1758629597.079444,0.9500000000000001
1758629597.1477764,0.9500000000000001
1758629597.2120247,0.9500000000000001
1758629597.2776842,0.9500000000000001
1758629597.3464088,0.9500000000000001
1758629597.417147,0.9500000000000001
1758629597.487966,0.9500000000000001
1758629597.5546641,0.9500000000000001
1758629597.6181824,0.9500000000000001
1758629597.6879716,0.9500000000000001
1758629597.7526164,0.9500000000000001
1758629597.8206563,0.9500000000000001
1758629597.8934205,0.9500000000000001
1758629597.9576871,0.9500000000000001
1758629598.0341463,0.9500000000000001
1758629598.1141133,0.9500000000000001
1758629598.1798203,0.9500000000000001
1758629598.2313035,0.9500000000000001
1758629598.3104599,0.9500000000000001
1758629598.3776925,0.9500000000000001
1758629598.4481215,0.9500000000000001
1758629598.5146542,0.9500000000000001
1758629598.5802872,0.9500000000000001
1758629598.6443381,0.9500000000000001
1758629598.7130828,0.9500000000000001
1758629598.7799685,0.9500000000000001
1758629598.8395195,0.9500000000000001
1758629598.9186947,0.9500000000000001
1758629598.983125,0.9500000000000001
1758629599.049382,0.9500000000000001
1758629599.1146576,0.9500000000000001
1758629599.1796656,0.8
1758629599.2482986,0.8
1758629599.3120914,0.9500000000000001
1758629599.3825955,0.9500000000000001
1758629599.4495325,0.9500000000000001
1758629599.5195873,0.9500000000000001
1758629599.5826106,0.9500000000000001
1758629599.648273,0.8
1758629599.7198057,0.9500000000000001
1758629599.7836301,0.9500000000000001
1758629599.849288,0.8
1758629599.917815,0.8
1758629599.9846513,0.9500000000000001
1758629600.0550542,0.9500000000000001
1758629600.1058455,0.9500000000000001
1758629600.1896877,0.9500000000000001
1758629600.2572005,0.9500000000000001
1758629600.325457,0.9500000000000001
1758629600.3897257,0.8
1758629600.458777,0.65
1758629600.530302,0.65
1758629600.5956075,0.65
1758629600.662461,0.65
1758629600.7267056,0.65
1758629600.7968228,0.65
1758629600.8446972,0.65
1758629600.926752,0.65
1758629600.9950075,0.65
1758629601.0508404,0.65
1758629601.1294448,0.65
1758629601.195918,0.65
1758629601.2472527,0.65
1758629601.3284137,0.65
1758629601.3813667,0.65
1758629601.4602773,0.65
1758629601.530551,0.65
1758629601.5989583,0.65
1758629601.6644876,0.65
1758629601.7295916,0.65
1758629601.7962167,0.65
1758629601.866378,0.65
1758629601.9307826,0.65
1758629602.0001132,0.65
1758629602.0654435,0.65
1758629602.127085,0.65
1758629602.1986985,0.65
1758629602.2607105,0.5
1758629602.3275812,0.5
1758629602.3940525,0.5
1758629602.4586153,0.5
1758629602.5318193,0.5
1758629602.598339,0.5
1758629602.6638527,0.5
1758629602.7312586,0.5
1758629602.7938619,0.5
1758629602.8649697,0.5
1758629602.9291985,0.5
1758629603.0051403,0.5
1758629603.0790524,0.5
1758629603.1383922,0.5
1758629603.2227206,0.5
1758629603.304689,0.5
1758629603.3881435,0.5
1758629603.4593298,0.5
1758629603.5273724,0.5
1758629603.5883787,0.5
1758629603.6454864,0.5
1758629603.7112427,0.5
1758629603.7779858,0.5
1758629603.845881,0.5
1758629603.923005,0.5
1758629603.9899213,0.5
1758629604.0571575,0.5
1758629604.1187694,0.5
1758629604.1928914,0.5
1758629604.2576163,0.5
1758629604.324193,0.5
1758629604.3887436,0.65
1758629604.4391935,0.5
1758629604.5200393,0.65
1758629604.5919526,0.5
1758629604.6447978,0.5
1758629604.7131765,0.65
1758629604.7944384,0.65
1758629604.8652658,0.5
1758629604.9278846,0.65
1758629604.9954665,0.5
1758629605.060576,0.65
1758629605.1335511,0.5
1758629605.1990125,0.5
1758629605.262611,0.5
1758629605.3281863,0.5
1758629605.394649,0.5
1758629605.4627001,0.5
1758629605.5301597,0.5
1758629605.6005034,0.5
1758629605.663715,0.5
1758629605.7312205,0.5
1758629605.7970264,0.5
1758629605.8657932,0.5
1758629605.9289267,0.5
1758629605.986006,0.5
1758629606.0574615,0.5
1758629606.116552,0.5
1758629606.197773,0.5
1758629606.2642832,0.5
1758629606.3302376,0.5
1758629606.38738,0.5
1758629606.464502,0.5
1758629606.5373428,0.65
1758629606.6122766,0.65
1758629606.6685731,0.65
1758629606.7466989,0.5
1758629606.8130572,0.65
1758629606.8862102,0.65
1758629606.9484243,0.65
1758629607.0142965,0.65
1758629607.0822484,0.5
1758629607.1481044,0.5
1758629607.2174087,0.5
1758629607.2819202,0.65
1758629607.3462303,0.65
1758629607.4122398,0.5
1758629607.4762237,0.65
1758629607.5350695,0.65
1758629607.6159332,0.65
1758629607.6783178,0.65
1758629607.7515566,0.65
1758629607.8210495,0.65
1758629607.8888192,0.65
1758629607.9556413,0.65
1758629608.019976,0.65
1758629608.0892932,0.65
1758629608.153955,0.5
1758629608.221586,0.65
1758629608.2878497,0.65
1758629608.35705,0.65
1758629608.422934,0.5
1758629608.4894395,0.65
1758629608.5553482,0.65
1758629608.6260114,0.65
1758629608.693162,0.5
1758629608.762012,0.65
1758629608.8242934,0.65
1758629608.884375,0.5
1758629608.9367414,0.65
1758629609.018008,0.65
1758629609.0814662,0.5
1758629609.1568367,0.5
1758629609.220742,0.65
1758629609.28897,0.5
1758629609.3553267,0.65
1758629609.4238782,0.65
1758629609.4866931,0.5
1758629609.5547998,0.65
1758629609.6225045,0.65
1758629609.69215,0.65
1758629609.7588067,0.65
1758629609.8344402,0.65
1758629609.8980734,0.65
1758629609.9649575,0.65
1758629610.0329924,0.5
1758629610.0980258,0.5
1758629610.1644135,0.65
1758629610.2349353,0.65
1758629610.3024414,0.65
1758629610.3671615,0.65
1758629610.435357,0.65
1758629610.5058827,0.65
1758629610.5981107,0.65
1758629610.6880124,0.65
1758629610.7547612,0.65
1758629610.8319051,0.65
1758629610.8923485,0.65
1758629610.9653296,0.65
1758629611.024993,0.65
1758629611.105508,0.65
1758629611.1829267,0.65
1758629611.2618454,0.65
1758629611.3562715,0.65
1758629611.4333906,0.65
1758629611.512443,0.65
1758629611.586139,0.65
1758629611.6687155,0.65
1758629611.741756,0.65
1758629611.825809,0.65
1758629611.8965912,0.65
1758629611.9723883,0.65
1758629612.0426064,0.65
1758629612.1162927,0.65
1758629612.176,0.65
1758629612.2654197,0.65
1758629612.350471,0.65
1758629612.4354532,0.65
1758629612.5142775,0.65
1758629612.5812268,0.65
1758629612.6659305,0.65
1758629612.745211,0.65
1758629612.8115332,0.65
1758629612.878473,0.65
1758629612.9444387,0.65
1758629613.0131087,0.65
1758629613.0813696,0.5
1758629613.1539986,0.5
1758629613.2165818,0.5
1758629613.2846603,0.5
1758629613.3512309,0.5
1758629613.4197469,0.5
1758629613.4863024,0.5
1758629613.5522804,0.65
1758629613.6074047,0.5
1758629613.685127,0.65
1758629613.7546287,0.5
1758629613.8218505,0.5
1758629613.8878987,0.5
1758629613.9546676,0.5
1758629614.0244644,0.5
1758629614.0919902,0.5
1758629614.1594844,0.5
1758629614.2258298,0.5
1758629614.293988,0.5
1758629614.3500497,0.5
1758629614.4228656,0.5
1758629614.4885225,0.5
1758629614.5543034,0.5
1758629614.621781,0.5
1758629614.6871943,0.5
1758629614.7394075,0.65
1758629614.8092823,0.65
1758629614.8808079,0.65
1758629614.9551983,0.65
1758629615.0225508,0.65
1758629615.092397,0.65
1758629615.1597364,0.65
1758629615.2278473,0.65
1758629615.2949338,0.65
1758629615.363065,0.65
1758629615.4308014,0.65
1758629615.4909036,0.65
1758629615.5648859,0.65
1758629615.6295803,0.65
1758629615.6998441,0.65
1758629615.7666807,0.65
1758629615.8273284,0.65
1758629615.8977773,0.65
1758629615.9688632,0.65
1758629616.0324209,0.65
1758629616.0974247,0.65
1758629616.163279,0.65
1758629616.2360682,0.65
1758629616.29967,0.65
1758629616.3667817,0.65
1758629616.438639,0.65
1758629616.4890726,0.65
1758629616.571972,0.65
1758629616.6369565,0.65
1758629616.6980903,0.65
1758629616.7715936,0.65
1758629616.8397222,0.65
1758629616.9063003,0.65
1758629616.9759414,0.65
1758629617.0397007,0.65
1758629617.1037538,0.65
1758629617.17319,0.65
1758629617.2421753,0.65
1758629617.307967,0.65
1758629617.3748524,0.65
1758629617.442655,0.65
1758629617.5140967,0.65
1758629617.576906,0.65
1758629617.6463647,0.65
1758629617.7147481,0.65
1758629617.7692494,0.65
1758629617.8480628,0.65
1758629617.9162128,0.65
1758629617.9901783,0.65
1758629618.0522826,0.65
1758629618.1158583,0.65
1758629618.1866114,0.65
1758629618.254064,0.65
1758629618.3212662,0.65
1758629618.388684,0.65
1758629618.4453983,0.65
1758629618.529098,0.65
1758629618.590471,0.65
1758629618.656817,0.65
1758629618.7554657,0.65
1758629618.8228064,0.65
1758629618.8915427,0.65
1758629618.9603922,0.65
1758629619.0274768,0.65
1758629619.0929303,0.65
1758629619.1603334,0.65
1758629619.2244399,0.65
1758629619.2909982,0.65
1758629619.3611715,0.65
1758629619.428816,0.65
1758629619.4964733,0.65
1758629619.5634742,0.65
1758629619.6330311,0.65
1758629619.6985922,0.65
1758629619.7604148,0.65
1758629619.8304603,0.65
1758629619.8969338,0.65
1758629619.963189,0.65
1758629620.0155933,0.65
1758629620.0895555,0.65
1758629620.1670437,0.65
1758629620.2321143,0.65
1758629620.3047168,0.65
1758629620.3845959,0.65
1758629620.4503329,0.65
1758629620.5162532,0.65
1758629620.580757,0.65
1758629620.6455433,0.65
1758629620.713306,0.65
1758629620.778528,0.65
1758629620.8506258,0.5
1758629620.9170742,0.5
1758629620.9842548,0.5
1758629621.0533707,0.5
1758629621.119801,0.5
1758629621.1817367,0.65
1758629621.25423,0.65
1758629621.3223474,0.65
1758629621.388895,0.65
1758629621.4606981,0.65
1758629621.5250762,0.65
1758629621.5919015,0.65
1758629621.6624107,0.65
1758629621.7337549,0.65
1758629621.8070376,0.65
1758629621.8741388,0.8
1758629621.9411776,0.8
1758629622.007888,0.8
1758629622.0844572,0.8
1758629622.145635,0.8
1758629622.223938,0.8
1758629622.3042276,0.8
1758629622.3528023,0.8
1758629622.4194324,0.8
1758629622.4964027,0.8
1758629622.5636787,0.8
1758629622.6262665,0.8
1758629622.6908615,0.8
1758629622.7555027,0.8
1758629622.8237932,0.8
1758629622.8904989,0.8
1758629622.9465542,0.8
1758629623.0236351,0.8
1758629623.0900314,0.8
1758629623.1601338,0.8
1758629623.2257507,0.8
1758629623.293248,0.8
1758629623.3486643,0.8
1758629623.4261553,0.8
1758629623.4936166,0.8
1758629623.557873,0.8
1758629623.6260173,0.8
1758629623.6932518,0.8
1758629623.7579134,0.8
1758629623.8273816,0.8
1758629623.893295,0.8
1758629623.960455,0.8
1758629624.0284507,0.8
1758629624.096757,0.8
1758629624.1622112,0.8
1758629624.2295125,0.8
1758629624.2825558,0.8
1758629624.362213,0.8
1758629624.425289,0.8
1758629624.50032,0.8
1758629624.564511,0.8
1758629624.6355727,0.8
1758629624.700106,0.8
1758629624.7712834,0.8
1758629624.8399231,0.8
1758629624.9016926,0.9500000000000001
1758629624.9675515,0.8
1758629625.0345879,0.9500000000000001
1758629625.1019006,0.9500000000000001
1758629625.1677907,0.9500000000000001
1758629625.2351594,0.9500000000000001
1758629625.298124,0.9500000000000001
1758629625.369376,0.9500000000000001
1758629625.4397573,0.9500000000000001
1758629625.4947133,0.9500000000000001
1758629625.5748482,0.9500000000000001
1758629625.6430364,0.9500000000000001
1758629625.7097554,0.9500000000000001
1758629625.775109,0.9500000000000001
1758629625.8433557,0.9500000000000001
1758629625.9095163,0.9500000000000001
1758629625.9788585,0.9500000000000001
1758629626.0450027,0.9500000000000001
1758629626.1136122,0.9500000000000001
1758629626.1806946,0.9500000000000001
1758629626.2486315,0.9500000000000001
1758629626.3143094,0.9500000000000001
1758629626.3677306,0.9500000000000001
1758629626.4466593,0.9500000000000001
1758629626.5161302,0.9500000000000001
1758629626.578899,0.9500000000000001
1758629626.6452098,0.9500000000000001
1758629626.7108607,0.9500000000000001
1758629626.7774515,0.9500000000000001
1758629626.8311834,0.9500000000000001
1758629626.8968692,0.9500000000000001
1758629626.9753978,0.9500000000000001
1758629627.0428343,0.9500000000000001
1758629627.096714,0.9500000000000001
1758629627.172621,0.9500000000000001
1758629627.2375114,0.9500000000000001
1758629627.3045554,0.9500000000000001
1758629627.3574853,0.9500000000000001
1758629627.4331303,0.9500000000000001
1758629627.5057096,0.9500000000000001
1758629627.5705917,0.9500000000000001
1758629627.638154,0.9500000000000001
1758629627.7066414,0.9500000000000001
1758629627.777144,0.9500000000000001
1758629627.8438625,0.9500000000000001
1758629627.9108088,0.9500000000000001
1758629627.9790728,0.9500000000000001
1758629628.039576,0.9500000000000001
1758629628.1019564,0.9500000000000001
1758629628.1685061,0.9500000000000001
1758629628.2361765,0.9500000000000001
1758629628.3029125,0.9500000000000001
1758629628.3695548,0.9500000000000001
1758629628.439425,0.9500000000000001
1758629628.5082164,0.9500000000000001
1758629628.5720868,0.9500000000000001
1758629628.6394808,0.9500000000000001
1758629628.7071247,0.9500000000000001
1758629628.7751946,0.9500000000000001
1758629628.8372047,0.9500000000000001
1758629628.8979263,0.9500000000000001
1758629628.9645994,0.9500000000000001
1758629629.0446332,0.9500000000000001
1758629629.1143582,0.9500000000000001
1758629629.1796498,0.9500000000000001
1758629629.2461653,0.9500000000000001
1758629629.3119652,0.9500000000000001
1758629629.376906,0.9500000000000001
1758629629.4433107,0.9500000000000001
1758629629.4993165,0.9500000000000001
1758629629.571057,0.9500000000000001
1758629629.6339433,0.9500000000000001
1758629629.7114356,0.9500000000000001
1758629629.7629578,0.9500000000000001
1758629629.8287356,0.9500000000000001
1758629629.9081883,0.9500000000000001
1758629629.9742265,0.9500000000000001
1758629630.0357804,0.9500000000000001
1758629630.0973911,0.9500000000000001
1758629630.1602385,0.9500000000000001
1758629630.2262928,0.9500000000000001
1758629630.3064768,0.9500000000000001
1758629630.367542,0.9500000000000001
1758629630.4375126,0.9500000000000001
1758629630.5158646,0.9500000000000001
1758629630.579891,0.9500000000000001
1758629630.6477559,0.9500000000000001
1758629630.712239,0.9500000000000001
1758629630.7816045,0.9500000000000001
1758629630.8470244,0.9500000000000001
1758629630.9137254,0.9500000000000001
1758629630.9808047,0.9500000000000001
1758629631.0485291,0.9500000000000001
1758629631.1133387,0.9500000000000001
1758629631.181022,0.9500000000000001
1758629631.249474,0.9500000000000001
1758629631.3167384,0.9500000000000001
1758629631.373409,0.9500000000000001
1758629631.4423997,0.9500000000000001
1758629631.5174377,0.9500000000000001
1758629631.5822535,0.9500000000000001
1758629631.640863,0.9500000000000001
1758629631.7193706,0.9500000000000001
1758629631.7822413,0.9500000000000001
1758629631.851339,0.9500000000000001
1758629631.9174383,0.9500000000000001
1758629631.968949,0.9500000000000001
1758629632.0470645,0.9500000000000001
1758629632.1157131,0.9500000000000001
1758629632.18452,0.9500000000000001
1758629632.2519162,0.9500000000000001
1758629632.3211842,0.9500000000000001
1758629632.3883588,0.9500000000000001
1758629632.4565346,0.9500000000000001
1758629632.5200484,0.9500000000000001
1758629632.590522,0.9500000000000001
1758629632.6565158,0.9500000000000001
1758629632.723162,0.9500000000000001
1758629632.7912729,0.9500000000000001
1758629632.8580687,0.9500000000000001
1758629632.9115005,0.9500000000000001
1758629632.9782138,0.9500000000000001
1758629633.059091,0.9500000000000001
1758629633.1237018,0.9500000000000001
1758629633.1921623,0.9500000000000001
1758629633.2609508,0.9500000000000001
1758629633.3137636,0.9500000000000001
1758629633.3811026,0.9500000000000001
1758629633.4617972,0.9500000000000001
1758629633.5297093,0.9500000000000001
1758629633.5842853,0.9500000000000001
1758629633.6517398,0.9500000000000001
1758629633.734116,0.9500000000000001
1758629633.8004138,0.9500000000000001
1758629633.8561509,0.9500000000000001
1758629633.9350884,0.9500000000000001
1758629633.9971452,0.8
1758629634.0688436,0.9500000000000001
1758629634.1349118,0.9500000000000001
1758629634.2041514,0.9500000000000001
1758629634.2737021,0.9500000000000001
1758629634.337991,0.9500000000000001
1758629634.4047918,0.9500000000000001
1758629634.4740598,0.9500000000000001
1758629634.5401313,0.9500000000000001
1758629634.611037,0.9500000000000001
1758629634.6705065,0.9500000000000001
1758629634.740435,0.9500000000000001
1758629634.8068469,0.9500000000000001
1758629634.8649604,0.9500000000000001
1758629634.932238,0.9500000000000001
1758629635.0043468,0.9500000000000001
1758629635.074795,0.9500000000000001
1758629635.1392415,0.9500000000000001
1758629635.2069232,0.9500000000000001
1758629635.2608798,0.9500000000000001
1758629635.3353653,0.9500000000000001
1758629635.3929346,0.9500000000000001
1758629635.461629,0.9500000000000001
1758629635.5286686,0.9500000000000001
1758629635.602319,0.9500000000000001
1758629635.67029,0.9500000000000001
1758629635.7355657,0.9500000000000001
1758629635.803924,0.9500000000000001
1758629635.8604739,0.9500000000000001
1758629635.9306006,0.9500000000000001
1758629636.0097513,0.9500000000000001
1758629636.0702481,0.9500000000000001
1758629636.1366675,0.9500000000000001
1758629636.2022495,0.9500000000000001
1758629636.2620375,0.9500000000000001
1758629636.3378572,0.9500000000000001
1758629636.4090385,0.9500000000000001
1758629636.4790037,0.9500000000000001
1758629636.5485148,0.9500000000000001
1758629636.6117904,0.9500000000000001
1758629636.6760442,0.9500000000000001
1758629636.7439334,0.9500000000000001
1758629636.8100066,0.9500000000000001
1758629636.877764,0.9500000000000001
1758629636.9477954,0.9500000000000001
1758629637.0102496,0.9500000000000001
1758629637.0702991,0.9500000000000001
1758629637.1439135,0.9500000000000001
1758629637.2122047,0.9500000000000001
1758629637.2779658,0.9500000000000001
1758629637.3438916,0.9500000000000001
1758629637.4167883,0.9500000000000001
1758629637.487537,0.9500000000000001
1758629637.536171,0.9500000000000001
1758629637.6077724,0.9500000000000001
1758629637.6839583,0.9500000000000001
1758629637.7508113,0.9500000000000001
1758629637.8166652,0.9500000000000001
1758629637.8824594,0.9500000000000001
1758629637.950051,0.9500000000000001
1758629638.007773,0.9500000000000001
1758629638.0777862,0.9500000000000001
1758629638.1501708,0.9500000000000001
1758629638.2112956,0.9500000000000001
1758629638.2789385,0.9500000000000001
1758629638.341108,0.9500000000000001
1758629638.4083169,0.9500000000000001
1758629638.4759476,0.9500000000000001
1758629638.5434868,0.9500000000000001
1758629638.609077,0.9500000000000001
1758629638.677084,0.8
1758629638.744041,0.9500000000000001
1758629638.8097336,0.9500000000000001
1758629638.877245,0.9500000000000001
1758629638.9468975,0.9500000000000001
1758629639.0168989,0.9500000000000001
1758629639.0806015,0.9500000000000001
1758629639.1461535,0.9500000000000001
1758629639.210329,0.9500000000000001
1758629639.2815928,0.9500000000000001
1758629639.3358946,0.9500000000000001
1758629639.416381,0.9500000000000001
1758629639.4800043,0.9500000000000001
1758629639.543562,0.9500000000000001
1758629639.61285,0.9500000000000001
1758629639.668927,0.9500000000000001
1758629639.7400079,0.9500000000000001
1758629639.813733,0.9500000000000001
1758629639.8818266,0.9500000000000001
1758629639.9378717,0.9500000000000001
1758629640.0094228,0.9500000000000001
1758629640.0661755,0.9500000000000001
1758629640.1463137,0.9500000000000001
1758629640.206458,0.9500000000000001
1758629640.2853575,0.9500000000000001
1758629640.3514295,0.9500000000000001
1758629640.4192004,0.9500000000000001
1758629640.4878244,0.9500000000000001
1758629640.551732,0.9500000000000001
1758629640.6127808,0.9500000000000001
1758629640.693475,0.9500000000000001
1758629640.7567978,0.9500000000000001
1758629640.8259807,0.9500000000000001
1758629640.8915958,0.9500000000000001
1758629640.9605405,0.9500000000000001
1758629641.0256054,0.9500000000000001
1758629641.0943131,0.9500000000000001
1758629641.1624136,0.9500000000000001
1758629641.2357786,0.9500000000000001
1758629641.309221,0.9500000000000001
1758629641.3732982,0.9500000000000001
1758629641.447027,0.9500000000000001
1758629641.5080059,0.9500000000000001
1758629641.5707204,0.9500000000000001
1758629641.635786,0.9500000000000001
1758629641.7056465,0.9500000000000001
1758629641.77663,0.9500000000000001
1758629641.8389926,0.9500000000000001
1758629641.9101026,0.9500000000000001
1758629641.973813,0.9500000000000001
1758629642.0407715,0.9500000000000001
1758629642.1070697,0.9500000000000001
1758629642.178521,0.9500000000000001
1758629642.2451923,0.8
1758629642.3072965,0.8
1758629642.375949,0.8
1758629642.439464,0.8
1758629642.5000844,0.8
1758629642.578365,0.8
1758629642.644979,0.8
1758629642.7090237,0.8
1758629642.775897,0.8
1758629642.8420773,0.8
1758629642.897564,0.8
1758629642.972966,0.8
1758629643.0345376,0.8
1758629643.106404,0.8
1758629643.172929,0.8
1758629643.2402768,0.8
1758629643.3092406,0.8
1758629643.3794646,0.8
1758629643.4499328,0.8
1758629643.5139387,0.65
1758629643.5831132,0.65
1758629643.6501088,0.65
1758629643.715095,0.65
1758629643.7656677,0.65
1758629643.8516192,0.65
1758629643.9172215,0.65
1758629643.9861426,0.65
1758629644.052143,0.65
1758629644.1244545,0.65
1758629644.1814206,0.65
1758629644.2513216,0.65
1758629644.3162422,0.65
1758629644.3868287,0.65
1758629644.4493659,0.65
1758629644.518704,0.65
1758629644.5842612,0.65
1758629644.637877,0.65
1758629644.7174964,0.65
1758629644.786268,0.65
1758629644.8552601,0.65
1758629644.9221277,0.65
1758629644.9919343,0.65
1758629645.057471,0.65
1758629645.1237607,0.65
1758629645.183099,0.65
1758629645.2575483,0.65
1758629645.3272889,0.5
1758629645.3914785,0.5
1758629645.4586017,0.65
1758629645.526224,0.65
1758629645.592348,0.65
1758629645.6609702,0.65
1758629645.7267618,0.65
1758629645.7993004,0.65
1758629645.8658364,0.65
1758629645.9193137,0.5
1758629645.9954584,0.5
1758629646.0478818,0.65
1758629646.1314967,0.65
1758629646.1986637,0.65
1758629646.2626493,0.65
1758629646.3211744,0.65
1758629646.3851206,0.5
1758629646.454103,0.5
1758629646.5314991,0.5
1758629646.599279,0.5
1758629646.6577318,0.65
1758629646.722593,0.5
1758629646.800792,0.5
1758629646.8591013,0.5
1758629646.9353485,0.65
1758629647.006818,0.65
1758629647.0793366,0.5
1758629647.1446311,0.65
1758629647.2106898,0.65
1758629647.2791238,0.5
1758629647.3463314,0.65
1758629647.4170537,0.65
1758629647.4795337,0.5
1758629647.5479388,0.5
1758629647.6089995,0.5
1758629647.6768513,0.5
1758629647.742668,0.5
1758629647.8137882,0.5
1758629647.8854778,0.65
1758629647.9529848,0.5
1758629648.0283985,0.5
1758629648.0948915,0.65
1758629648.1671226,0.65
1758629648.2315907,0.65
1758629648.3049877,0.65
1758629648.3601792,0.65
1758629648.4338927,0.65
1758629648.5053663,0.65
1758629648.573198,0.5
1758629648.6291049,0.5
1758629648.7018857,0.5
1758629648.755602,0.5
1758629648.8361554,0.5
1758629648.8998015,0.5
1758629648.9709978,0.5
1758629649.020939,0.5
1758629649.097444,0.65
1758629649.1632888,0.5
1758629649.2449706,0.65
1758629649.3065012,0.65
1758629649.3737695,0.65
1758629649.4402182,0.65
1758629649.507033,0.65
1758629649.5762308,0.65
1758629649.6422746,0.65
1758629649.706402,0.65
1758629649.7763019,0.65
1758629649.8414276,0.65
1758629649.9077044,0.65
1758629649.9805238,0.65
1758629650.0442812,0.65
1758629650.1117826,0.65
1758629650.1821244,0.65
1758629650.2472348,0.65
1758629650.314898,0.65
1758629650.3803515,0.65
1758629650.453114,0.65
1758629650.5154374,0.65
1758629650.5812042,0.65
1758629650.649058,0.65
1758629650.7040882,0.65
1758629650.7783875,0.65
1758629650.8499405,0.65
1758629650.9015083,0.65
1758629650.9829435,0.65
1758629651.051536,0.65
1758629651.1219277,0.65
1758629651.1886792,0.65
1758629651.2568486,0.65
1758629651.3253126,0.65
1758629651.392542,0.65
1758629651.4605882,0.65
1758629651.5288246,0.65
1758629651.5947075,0.65
1758629651.6630034,0.65
1758629651.7322376,0.65
1758629651.7984552,0.65
1758629651.8667521,0.65
1758629651.932618,0.65
1758629651.9841673,0.65
1758629652.0504296,0.65
1758629652.1373193,0.65
1758629652.2045534,0.65
1758629652.2800803,0.65
1758629652.3555224,0.65
1758629652.4252427,0.65
1758629652.4913394,0.65
1758629652.5453737,0.65
1758629652.6345687,0.65
1758629652.708026,0.65
1758629652.777347,0.65
1758629652.8431156,0.65
1758629652.9114213,0.65
1758629652.9758866,0.65
1758629653.0431693,0.65
1758629653.1112473,0.65
1758629653.176322,0.65
1758629653.2464032,0.65
1758629653.3100815,0.65
1758629653.3827457,0.65
1758629653.4457083,0.65
1758629653.5000336,0.65
1758629653.5744872,0.65
1758629653.632938,0.65
1758629653.7133176,0.65
1758629653.7788475,0.65
1758629653.8454726,0.65
1758629653.911245,0.65
1758629653.981654,0.65
1758629654.0568295,0.65
1758629654.1302347,0.65
1758629654.1982603,0.65
1758629654.2605643,0.65
1758629654.3277135,0.65
1758629654.3881938,0.65
1758629654.473673,0.65
1758629654.5436788,0.65
1758629654.6296446,0.65
1758629654.7078264,0.65
1758629654.7725744,0.65
1758629654.8399785,0.65
1758629654.9042878,0.65
1758629654.9777572,0.65
1758629655.041509,0.65
1758629655.1072574,0.65
1758629655.1746063,0.65
1758629655.2436717,0.65
1758629655.3125706,0.65
1758629655.3802977,0.65
1758629655.4501796,0.65
1758629655.5211542,0.65
1758629655.6010833,0.65
1758629655.6679955,0.65
1758629655.7403688,0.65
1758629655.8145216,0.65
1758629655.883313,0.65
1758629655.9466548,0.65
1758629656.0098376,0.65
1758629656.1031535,0.65
1758629656.195986,0.65
1758629656.2631629,0.65
1758629656.3546126,0.65
1758629656.434319,0.65
1758629656.4946287,0.65
1758629656.5630262,0.65
1758629656.632341,0.65
1758629656.7047741,0.65
1758629656.773097,0.65
1758629656.8488688,0.65
1758629656.919751,0.65
1758629657.0139265,0.65
1758629657.0797179,0.65
1758629657.1478646,0.65
1758629657.2136726,0.65
1758629657.2868557,0.65
1758629657.3637452,0.65
1758629657.4404302,0.65
1758629657.538858,0.65
1758629657.591813,0.65
1758629657.6788557,0.65
1758629657.7468119,0.65
1758629657.810616,0.65
1758629657.8800077,0.65
1758629657.9469092,0.65
1758629658.0160158,0.65
1758629658.0834594,0.65
1758629658.1513176,0.65
1758629658.2176702,0.65
1758629658.2825596,0.65
1758629658.349069,0.65
1758629658.4193351,0.65
1758629658.488545,0.65
1758629658.5562825,0.65
1758629658.6211648,0.65
1758629658.69021,0.65
1758629658.7546074,0.65
1758629658.8236415,0.65
1758629658.8859034,0.65
1758629658.95316,0.65
1758629659.0238402,0.65
1758629659.0880291,0.65
1758629659.1555753,0.65
1758629659.224071,0.65
1758629659.2903812,0.65
1758629659.358142,0.65
1758629659.4240587,0.65
1758629659.4941754,0.65
1758629659.554222,0.65
1758629659.6271195,0.65
1758629659.6987963,0.65
1758629659.7651136,0.65
1758629659.8303316,0.65
1758629659.8961728,0.65
1758629659.9644399,0.65
1758629660.0215774,0.65
1758629660.0959368,0.65
1758629660.150382,0.65
1758629660.2318914,0.65
1758629660.2935195,0.65
1758629660.3667042,0.65
1758629660.4369285,0.65
1758629660.506907,0.65
1758629660.573952,0.65
1758629660.6407804,0.65
1758629660.7074616,0.65
1758629660.7723334,0.65
1758629660.8428497,0.65
1758629660.9109383,0.65
1758629660.9761915,0.65
1758629661.0408905,0.65
1758629661.1082034,0.65
1758629661.1723032,0.65
1758629661.2425914,0.65
1758629661.3048651,0.65
1758629661.377238,0.65
1758629661.4413464,0.65
1758629661.5094428,0.65
1758629661.5759745,0.65
1758629661.644109,0.65
1758629661.6981406,0.65
1758629661.7776237,0.65
1758629661.8463228,0.65
1758629661.9129531,0.65
1758629661.9782228,0.65
1758629662.034878,0.65
1758629662.098609,0.65
1758629662.181039,0.65
1758629662.2460873,0.65
1758629662.3170955,0.65
1758629662.385556,0.65
1758629662.4523616,0.65
1758629662.515172,0.65
1758629662.5774014,0.65
1758629662.646417,0.65
1758629662.696402,0.65
1758629662.7807403,0.65
1758629662.8382742,0.65
1758629662.9067533,0.65
1758629662.971756,0.65
1758629663.0402381,0.65
1758629663.108583,0.65
1758629663.1755211,0.65
1758629663.2476392,0.8
1758629663.31261,0.8
1758629663.3821654,0.8
1758629663.4571052,0.8
1758629663.51366,0.8
1758629663.5912826,0.8
1758629663.6417837,0.8
1758629663.7122579,0.8
1758629663.7793689,0.8
1758629663.846549,0.8
1758629663.9146314,0.8
1758629663.9804096,0.8
1758629664.0602286,0.8
1758629664.126613,0.65
1758629664.1941593,0.8
1758629664.2664807,0.8
1758629664.3298476,0.8
1758629664.4027336,0.8
1758629664.4644222,0.8
1758629664.5329843,0.8
1758629664.6015837,0.65
1758629664.6686954,0.8
1758629664.7386093,0.65
1758629664.8065598,0.8
1758629664.8753598,0.8
1758629664.945607,0.65
1758629664.9980602,0.8
1758629665.0731542,0.8
1758629665.1263237,0.8
1758629665.2056155,0.8
1758629665.273768,0.8
1758629665.3423817,0.8
1758629665.396458,0.8
1758629665.4751017,0.8
1758629665.5265517,0.8
1758629665.6085224,0.8
1758629665.6770182,0.8
1758629665.7467146,0.8
1758629665.813223,0.65
1758629665.8804939,0.8
1758629665.9477572,0.8
1758629666.012247,0.8
1758629666.083834,0.8
1758629666.143721,0.8
1758629666.2145612,0.8
1758629666.289936,0.65
1758629666.3548791,0.8
1758629666.4237838,0.8
1758629666.4786475,0.8
1758629666.5531154,0.8
1758629666.6256082,0.8
1758629666.6933858,0.8
1758629666.7620833,0.8
1758629666.8277674,0.65
1758629666.884115,0.8
1758629666.9642131,0.8
1758629667.0273123,0.8
1758629667.0805929,0.8
1758629667.1636484,0.65
1758629667.2351503,0.8
1758629667.299631,0.8
1758629667.3661597,0.65
1758629667.4311697,0.8
1758629667.496207,0.8
1758629667.5656989,0.8
1758629667.6344693,0.8
1758629667.7056515,0.8
1758629667.7661662,0.8
1758629667.8261228,0.8
1758629667.8896532,0.8
1758629667.9696293,0.8
1758629668.0257833,0.8
1758629668.1032383,0.8
1758629668.1676133,0.8
1758629668.2332041,0.8
1758629668.3012497,0.8
1758629668.353874,0.8
1758629668.4370158,0.8
1758629668.5071821,0.8
1758629668.571698,0.65
1758629668.6388295,0.8
1758629668.7054634,0.8
1758629668.7642095,0.8
1758629668.8392742,0.8
1758629668.9088378,0.8
1758629668.9784358,0.8
1758629669.0388658,0.8
1758629669.1093369,0.8
1758629669.1629143,0.8
1758629669.2343967,0.8
1758629669.3095415,0.8
1758629669.3757453,0.8
1758629669.443198,0.8
1758629669.5030506,0.8
1758629669.570049,0.8
1758629669.640633,0.8
1758629669.7093515,0.8
1758629669.775136,0.8
1758629669.841333,0.8
1758629669.9099946,0.8
1758629669.9779463,0.8
1758629670.039677,0.8
1758629670.1054554,0.8
1758629670.1757493,0.8
1758629670.2317417,0.8
1758629670.3103344,0.8
1758629670.378694,0.8
1758629670.446684,0.8
1758629670.5105329,0.8
1758629670.5717533,0.8
1758629670.6366332,0.8
1758629670.7095685,0.8
1758629670.7833529,0.8
1758629670.8452163,0.8
1758629670.9095984,0.8
1758629670.976539,0.8
1758629671.0430148,0.8
1758629671.112142,0.8
1758629671.1766586,0.8
1758629671.257604,0.8
1758629671.325523,0.8
1758629671.3822439,0.8
1758629671.459355,0.8
1758629671.5284781,0.8
1758629671.5930445,0.8
1758629671.6588888,0.8
1758629671.723551,0.8
1758629671.794351,0.8
1758629671.8628402,0.8
1758629671.9303763,0.8
1758629671.9966083,0.8
1758629672.0670645,0.8
1758629672.1348045,0.8
1758629672.1978805,0.8
1758629672.2717738,0.8
1758629672.3343077,0.8
1758629672.3997824,0.8
1758629672.4659717,0.8
1758629672.5321517,0.8
1758629672.5885072,0.8
1758629672.6678276,0.8
1758629672.734144,0.8
1758629672.7995818,0.8
1758629672.8675587,0.65
1758629672.9297817,0.65
1758629672.991455,0.65
1758629673.0723102,0.65
1758629673.138569,0.65
1758629673.208069,0.65
1758629673.2755957,0.8
1758629673.3438098,0.8
1758629673.4078252,0.8
1758629673.478333,0.8
1758629673.545753,0.8
1758629673.6169424,0.8
1758629673.6783545,0.8
1758629673.7476323,0.8
1758629673.8163457,0.8
1758629673.8791542,0.8
1758629673.9482868,0.8
1758629674.016987,0.8
1758629674.083972,0.8
1758629674.1438353,0.8
1758629674.218343,0.8
1758629674.291919,0.8
1758629674.3526096,0.8
1758629674.4195592,0.8
1758629674.486587,0.8
1758629674.5573254,0.8
1758629674.6194355,0.8
1758629674.6843343,0.8
1758629674.7579107,0.8
1758629674.8242126,0.8
1758629674.8895037,0.8
1758629674.9580688,0.8
1758629675.0262227,0.8
1758629675.0925853,0.8
1758629675.1619718,0.8
1758629675.2311914,0.8
1758629675.3028405,0.8
1758629675.368499,0.8
1758629675.425089,0.8
1758629675.4979594,0.8
1758629675.5631819,0.8
1758629675.62049,0.8
1758629675.6999044,0.8
1758629675.7653224,0.8
1758629675.8202698,0.8
1758629675.9016929,0.8
1758629675.9692774,0.8
1758629676.0409799,0.8
1758629676.1050618,0.8
1758629676.1706886,0.8
1758629676.2256598,0.8
1758629676.2963245,0.8
1758629676.3726482,0.8
1758629676.4390314,0.8
1758629676.5071077,0.8
1758629676.5764902,0.8
1758629676.64747,0.8
1758629676.6988318,0.8
1758629676.780856,0.8
1758629676.8461761,0.8
1758629676.909471,0.8
1758629676.9708993,0.8
1758629677.0428638,0.8
1758629677.1111784,0.8
1758629677.1803038,0.8
1758629677.2438052,0.8
1758629677.3150406,0.8
1758629677.3798769,0.8
1758629677.436097,0.8
1758629677.5130231,0.8
1758629677.579323,0.8
1758629677.6477997,0.8
1758629677.6997533,0.8
1758629677.7823493,0.8
1758629677.8499527,0.8
1758629677.9106548,0.8
